code,ko_text,ko_braille,braille_chars,frequency
P201,사용 전 취급 설명서를 확보하시오.,⠴⠠⠏⠼⠃⠚⠁⠀⠐⠂⠀⠠⠣⠛⠬⠶⠀⠨⠎⠒⠀⠰⠍⠗⠈⠪⠃⠀⠠⠎⠂⠑⠱⠶⠠⠎⠐⠪⠂⠀⠚⠧⠁⠘⠥⠚⠣⠠⠕⠛⠥⠲,52,2905
P202,모든 안전 예방조치 문구를 읽고 이해하기 전에는 취급하지 마시오.,⠴⠠⠏⠼⠃⠚⠃⠀⠐⠂⠀⠑⠥⠊⠪⠒⠀⠛⠣⠒⠨⠎⠒⠀⠛⠌⠘⠣⠶⠨⠥⠰⠕⠀⠑⠍⠒⠈⠍⠐⠪⠂⠀⠛⠕⠂⠁⠈⠥⠀⠛⠕⠚⠗⠚⠣⠈⠕⠀⠨⠎⠒⠛⠝⠉⠪⠒⠀⠰⠍⠗⠈⠪⠃⠚⠣⠨⠕⠀⠑⠣⠠⠕⠛⠥⠲,86,2893
P210,"열,고온의 표면,스파크,화염 및 그 밖의 점화원으로부터 멀리하시오.금연",⠴⠠⠏⠼⠃⠁⠚⠀⠐⠂⠀⠛⠱⠂⠐⠈⠥⠛⠥⠒⠛⠺⠀⠙⠬⠑⠱⠒⠐⠠⠪⠙⠣⠋⠪⠐⠚⠧⠛⠱⠢⠀⠑⠕⠆⠀⠈⠪⠀⠘⠣⠁⠁⠛⠺⠀⠨⠎⠢⠚⠧⠛⠏⠒⠛⠪⠐⠥⠘⠍⠓⠎⠀⠑⠎⠂⠐⠕⠚⠣⠠⠕⠛⠥⠲⠈⠪⠢⠛⠱⠒,91,2390
P211,화염 또는 그 밖의 점화원에 분사하지 마시오.,⠴⠠⠏⠼⠃⠁⠁⠀⠐⠂⠀⠚⠧⠛⠱⠢⠀⠠⠊⠥⠉⠪⠒⠀⠈⠪⠀⠘⠣⠁⠁⠛⠺⠀⠨⠎⠢⠚⠧⠛⠏⠒⠛⠝⠀⠘⠍⠒⠠⠣⠚⠣⠨⠕⠀⠑⠣⠠⠕⠛⠥⠲,62,2
P220,의류 및 그 밖의 가연성 물질로부터 멀리하시오.,⠴⠠⠏⠼⠃⠃⠚⠀⠐⠂⠀⠛⠺⠐⠩⠀⠑⠕⠆⠀⠈⠪⠀⠘⠣⠁⠁⠛⠺⠀⠈⠣⠛⠱⠒⠠⠎⠶⠀⠑⠍⠂⠨⠕⠂⠐⠥⠘⠍⠓⠎⠀⠑⠎⠂⠐⠕⠚⠣⠠⠕⠛⠥⠲,64,198
P222,공기에 접촉시키지 마시오.,⠴⠠⠏⠼⠃⠃⠃⠀⠐⠂⠀⠈⠥⠶⠈⠕⠛⠝⠀⠨⠎⠃⠰⠥⠁⠠⠕⠋⠕⠨⠕⠀⠑⠣⠠⠕⠛⠥⠲,39,47
P223,물에 접촉시키지 마시오.,⠴⠠⠏⠼⠃⠃⠉⠀⠐⠂⠀⠑⠍⠂⠛⠝⠀⠨⠎⠃⠰⠥⠁⠠⠕⠋⠕⠨⠕⠀⠑⠣⠠⠕⠛⠥⠲,37,81
P230,…(으)로 젖은 상태를 유지하시오.,⠴⠠⠏⠼⠃⠉⠚⠀⠐⠂⠀…⠤⠛⠪⠤⠐⠥⠀⠨⠎⠅⠛⠪⠒⠀⠠⠣⠶⠓⠗⠐⠪⠂⠀⠛⠩⠨⠕⠚⠣⠠⠕⠛⠥⠲,46,62
P231+P232,불활성 기체/…하에서 취급 및 저장하시오. 습기를 방지하시오.,⠴⠠⠏⠼⠃⠉⠁+⠴⠠⠏⠼⠃⠉⠃⠀⠐⠂⠀⠘⠍⠂⠚⠧⠂⠠⠎⠶⠀⠈⠕⠰⠝/…⠚⠣⠛⠝⠠⠎⠀⠰⠍⠗⠈⠪⠃⠀⠑⠕⠆⠀⠨⠎⠨⠣⠶⠚⠣⠠⠕⠛⠥⠲⠀⠠⠪⠃⠈⠕⠐⠪⠂⠀⠘⠣⠶⠨⠕⠚⠣⠠⠕⠛⠥⠲,87,115
P233,용기를 단단히 밀폐하시오.,⠴⠠⠏⠼⠃⠉⠉⠀⠐⠂⠀⠛⠬⠶⠈⠕⠐⠪⠂⠀⠊⠣⠒⠊⠣⠒⠚⠕⠀⠑⠕⠂⠙⠌⠚⠣⠠⠕⠛⠥⠲,41,1562
P234,원래의 용기에만 보관하시오.,⠴⠠⠏⠼⠃⠉⠙⠀⠐⠂⠀⠛⠏⠒⠐⠗⠛⠺⠀⠛⠬⠶⠈⠕⠛⠝⠑⠣⠒⠀⠘⠥⠈⠧⠒⠚⠣⠠⠕⠛⠥⠲,42,441
P235,저온으로 유지하시오.,⠴⠠⠏⠼⠃⠉⠑⠀⠐⠂⠀⠨⠎⠛⠥⠒⠛⠪⠐⠥⠀⠛⠩⠨⠕⠚⠣⠠⠕⠛⠥⠲,32,115
P240,용기와 수용설비를 접지하시오.,⠴⠠⠏⠼⠃⠙⠚⠀⠐⠂⠀⠛⠬⠶⠈⠕⠛⠧⠀⠠⠍⠛⠬⠶⠠⠎⠂⠘⠕⠐⠪⠂⠀⠨⠎⠃⠨⠕⠚⠣⠠⠕⠛⠥⠲,45,1761
P241,방폭형[전기/환기/조명/…]설비를 사용하시오.,⠴⠠⠏⠼⠃⠙⠁⠀⠐⠂⠀⠘⠣⠶⠙⠥⠁⠚⠱⠶[⠨⠎⠒⠈⠕/⠚⠧⠒⠈⠕/⠨⠥⠑⠱⠶/…]⠠⠎⠂⠘⠕⠐⠪⠂⠀⠠⠣⠛⠬⠶⠚⠣⠠⠕⠛⠥⠲,62,1624
P242,스파크가 발생하지 않는 도구를 사용하시오.,⠴⠠⠏⠼⠃⠙⠃⠀⠐⠂⠀⠠⠪⠙⠣⠋⠪⠈⠣⠀⠘⠣⠂⠠⠗⠶⠚⠣⠨⠕⠀⠛⠣⠒⠴⠉⠪⠒⠀⠊⠥⠈⠍⠐⠪⠂⠀⠠⠣⠛⠬⠶⠚⠣⠠⠕⠛⠥⠲,59,1522
P243,정전기 방지 조치를 취하시오.,⠴⠠⠏⠼⠃⠙⠉⠀⠐⠂⠀⠨⠎⠶⠨⠎⠒⠈⠕⠀⠘⠣⠶⠨⠕⠀⠨⠥⠰⠕⠐⠪⠂⠀⠰⠍⠗⠚⠣⠠⠕⠛⠥⠲,44,1522
P244,밸브 및 관이음쇠에 오일과 그리스가 묻지 않도록 하시오.,⠴⠠⠏⠼⠃⠙⠙⠀⠐⠂⠀⠘⠗⠂⠘⠪⠀⠑⠕⠆⠀⠈⠧⠒⠛⠕⠛⠪⠢⠠⠽⠛⠝⠀⠛⠥⠛⠕⠂⠈⠧⠀⠈⠪⠐⠕⠠⠪⠈⠣⠀⠑⠍⠔⠨⠕⠀⠛⠣⠒⠴⠊⠥⠐⠥⠁⠀⠚⠣⠠⠕⠛⠥⠲,74,15
P250,연마/충격/마찰/…을(를)가하지 마시오.,⠴⠠⠏⠼⠃⠑⠚⠀⠐⠂⠀⠛⠱⠒⠑⠣/⠰⠍⠶⠈⠱⠁/⠑⠣⠰⠣⠂/…⠛⠪⠂⠤⠐⠪⠂⠤⠈⠣⠚⠣⠨⠕⠀⠑⠣⠠⠕⠛⠥⠲,53,72
P251,사용 후에도 구멍을 뚫거나 태우지 마시오.,⠴⠠⠏⠼⠃⠑⠁⠀⠐⠂⠀⠠⠣⠛⠬⠶⠀⠚⠍⠛⠝⠊⠥⠀⠈⠍⠑⠎⠶⠛⠪⠂⠀⠠⠊⠍⠂⠴⠈⠎⠉⠣⠀⠓⠗⠛⠍⠨⠕⠀⠑⠣⠠⠕⠛⠥⠲,57,2
P260,분진/흄/가스/미스트/증기/스프레이를(을)흡입하지 마시오.,⠴⠠⠏⠼⠃⠋⠚⠀⠐⠂⠀⠘⠍⠒⠨⠕⠒/⠚⠩⠢/⠈⠣⠠⠪/⠑⠕⠠⠪⠓⠪/⠨⠪⠶⠈⠕/⠠⠪⠙⠪⠐⠝⠛⠕⠐⠪⠂⠤⠛⠪⠂⠤⠚⠪⠃⠛⠕⠃⠚⠣⠨⠕⠀⠑⠣⠠⠕⠛⠥⠲,74,3016
P261,분진/흄/가스/미스트/증기/스프레이의 흡입을 피하시오.,⠴⠠⠏⠼⠃⠋⠁⠀⠐⠂⠀⠘⠍⠒⠨⠕⠒/⠚⠩⠢/⠈⠣⠠⠪/⠑⠕⠠⠪⠓⠪/⠨⠪⠶⠈⠕/⠠⠪⠙⠪⠐⠝⠛⠕⠛⠺⠀⠚⠪⠃⠛⠕⠃⠛⠪⠂⠀⠙⠕⠚⠣⠠⠕⠛⠥⠲,70,3841
P262,"눈,피부,의류에 묻지 않도록 하시오.",⠴⠠⠏⠼⠃⠋⠃⠀⠐⠂⠀⠉⠍⠒⠐⠙⠕⠘⠍⠐⠛⠺⠐⠩⠛⠝⠀⠑⠍⠔⠨⠕⠀⠛⠣⠒⠴⠊⠥⠐⠥⠁⠀⠚⠣⠠⠕⠛⠥⠲,50,314
P263,임신 및 수유 기간에는 접촉하지 마시오.,⠴⠠⠏⠼⠃⠋⠉⠀⠐⠂⠀⠛⠕⠢⠠⠕⠒⠀⠑⠕⠆⠀⠠⠍⠛⠩⠀⠈⠕⠈⠣⠒⠛⠝⠉⠪⠒⠀⠨⠎⠃⠰⠥⠁⠚⠣⠨⠕⠀⠑⠣⠠⠕⠛⠥⠲,56,72
P264,취급 후에는…을(를)철저히 씻으시오.,⠴⠠⠏⠼⠃⠋⠙⠀⠐⠂⠀⠰⠍⠗⠈⠪⠃⠀⠚⠍⠛⠝⠉⠪⠒…⠛⠪⠂⠤⠐⠪⠂⠤⠰⠎⠂⠨⠎⠚⠕⠀⠠⠠⠕⠄⠛⠪⠠⠕⠛⠥⠲,53,8703
P270,"이 제품을 사용할 때에는 먹거나,마시거나 흡연하지 마시오.",⠴⠠⠏⠼⠃⠛⠚⠀⠐⠂⠀⠛⠕⠀⠨⠝⠙⠍⠢⠛⠪⠂⠀⠠⠣⠛⠬⠶⠚⠣⠂⠀⠠⠊⠗⠛⠝⠉⠪⠒⠀⠑⠎⠁⠈⠎⠉⠣⠐⠑⠣⠠⠕⠈⠎⠉⠣⠀⠚⠪⠃⠛⠱⠒⠚⠣⠨⠕⠀⠑⠣⠠⠕⠛⠥⠲,76,4321
P271,옥외 또는 환기가 잘 되는 곳에서만 취급하시오.,⠴⠠⠏⠼⠃⠛⠁⠀⠐⠂⠀⠛⠥⠁⠛⠽⠀⠠⠊⠥⠉⠪⠒⠀⠚⠧⠒⠈⠕⠈⠣⠀⠨⠣⠂⠀⠊⠽⠉⠪⠒⠀⠈⠥⠄⠛⠝⠠⠎⠑⠣⠒⠀⠰⠍⠗⠈⠪⠃⠚⠣⠠⠕⠛⠥⠲,66,3359
P272,작업장 밖으로 오염된 의류를 반출하지 마시오.,⠴⠠⠏⠼⠃⠛⠃⠀⠐⠂⠀⠨⠣⠁⠛⠎⠃⠨⠣⠶⠀⠘⠣⠁⠁⠛⠪⠐⠥⠀⠛⠥⠛⠱⠢⠊⠽⠒⠀⠛⠺⠐⠩⠐⠪⠂⠀⠘⠣⠒⠰⠍⠂⠚⠣⠨⠕⠀⠑⠣⠠⠕⠛⠥⠲,65,1364
P273,환경으로 배출하지 마시오.,⠴⠠⠏⠼⠃⠛⠉⠀⠐⠂⠀⠚⠧⠒⠈⠱⠶⠛⠪⠐⠥⠀⠘⠗⠰⠍⠂⠚⠣⠨⠕⠀⠑⠣⠠⠕⠛⠥⠲,39,7260
P280,보호장갑/보호의/보안경/안면보호구를(을)착용하시오.,⠴⠠⠏⠼⠃⠓⠚⠀⠐⠂⠀⠘⠥⠚⠥⠨⠣⠶⠈⠣⠃/⠘⠥⠚⠥⠛⠺/⠘⠥⠛⠣⠒⠈⠱⠶/⠛⠣⠒⠑⠱⠒⠘⠥⠚⠥⠈⠍⠐⠪⠂⠤⠛⠪⠂⠤⠰⠣⠁⠛⠬⠶⠚⠣⠠⠕⠛⠥⠲,71,9697
P283,방화복 또는 방염복을 입으시오,⠴⠠⠏⠼⠃⠓⠉⠀⠐⠂⠀⠘⠣⠶⠚⠧⠘⠥⠁⠀⠠⠊⠥⠉⠪⠒⠀⠘⠣⠶⠛⠱⠢⠘⠥⠁⠛⠪⠂⠀⠛⠕⠃⠛⠪⠠⠕⠛⠥,49,28
P284,[환기가 잘 되지 않는 경우]호흡기 보호구를 착용하시오.,⠴⠠⠏⠼⠃⠓⠙⠀⠐⠂⠀[⠚⠧⠒⠈⠕⠈⠣⠀⠨⠣⠂⠀⠊⠽⠨⠕⠀⠛⠣⠒⠴⠉⠪⠒⠀⠈⠱⠶⠛⠍]⠚⠥⠚⠪⠃⠈⠕⠀⠘⠥⠚⠥⠈⠍⠐⠪⠂⠀⠰⠣⠁⠛⠬⠶⠚⠣⠠⠕⠛⠥⠲,74,821
P301+P310,삼켰다면:즉시 의료기관/의사/…의 진찰을 받으시오.,⠴⠠⠏⠼⠉⠚⠁+⠴⠠⠏⠼⠉⠁⠚⠀⠐⠂⠀⠠⠣⠢⠋⠱⠌⠊⠣⠑⠱⠒⠐⠂⠨⠪⠁⠠⠕⠀⠛⠺⠐⠬⠈⠕⠈⠧⠒/⠛⠺⠠⠣/…⠛⠺⠀⠨⠕⠒⠰⠣⠂⠛⠪⠂⠀⠘⠣⠔⠛⠪⠠⠕⠛⠥⠲,77,1832
P301+P312,삼켰다면:불편함을 느끼면 의료기관/의사/…의 진찰을 받으시오.,⠴⠠⠏⠼⠉⠚⠁+⠴⠠⠏⠼⠉⠁⠃⠀⠐⠂⠀⠠⠣⠢⠋⠱⠌⠊⠣⠑⠱⠒⠐⠂⠘⠍⠂⠙⠱⠒⠚⠣⠢⠛⠪⠂⠀⠉⠪⠠⠈⠕⠑⠱⠒⠀⠛⠺⠐⠬⠈⠕⠈⠧⠒/⠛⠺⠠⠣/…⠛⠺⠀⠨⠕⠒⠰⠣⠂⠛⠪⠂⠀⠘⠣⠔⠛⠪⠠⠕⠛⠥⠲,93,2278
P301+P330+P331,삼켰다면:입을 씻어내시오.토하게 하지 마시오.,⠴⠠⠏⠼⠉⠚⠁+⠴⠠⠏⠼⠉⠉⠚+⠴⠠⠏⠼⠉⠉⠁⠀⠐⠂⠀⠠⠣⠢⠋⠱⠌⠊⠣⠑⠱⠒⠐⠂⠛⠕⠃⠛⠪⠂⠀⠠⠠⠕⠄⠛⠎⠉⠗⠠⠕⠛⠥⠲⠓⠥⠚⠣⠈⠝⠀⠚⠣⠨⠕⠀⠑⠣⠠⠕⠛⠥⠲,79,888
P302+P334,피부에 묻으면:차가운 물에 담그시오[또는 젖은 붕대로 감싸시오].,⠴⠠⠏⠼⠉⠚⠃+⠴⠠⠏⠼⠉⠉⠙⠀⠐⠂⠀⠙⠕⠘⠍⠛⠝⠀⠑⠍⠔⠛⠪⠑⠱⠒⠐⠂⠰⠣⠈⠣⠛⠍⠒⠀⠑⠍⠂⠛⠝⠀⠊⠣⠢⠈⠪⠠⠕⠛⠥[⠠⠊⠥⠉⠪⠒⠀⠨⠎⠅⠛⠪⠒⠀⠘⠍⠶⠊⠗⠐⠥⠀⠈⠣⠢⠠⠠⠣⠠⠕⠛⠥]⠲,94,28
P302+P335+P334,피부에 묻으면:피부에 묻은 물질을 털어내시오.차가운 물에 담그시오[또는 젖은 붕대로 감싸시오].,⠴⠠⠏⠼⠉⠚⠃+⠴⠠⠏⠼⠉⠉⠑+⠴⠠⠏⠼⠉⠉⠙⠀⠐⠂⠀⠙⠕⠘⠍⠛⠝⠀⠑⠍⠔⠛⠪⠑⠱⠒⠐⠂⠙⠕⠘⠍⠛⠝⠀⠑⠍⠔⠛⠪⠒⠀⠑⠍⠂⠨⠕⠂⠛⠪⠂⠀⠓⠎⠂⠛⠎⠉⠗⠠⠕⠛⠥⠲⠰⠣⠈⠣⠛⠍⠒⠀⠑⠍⠂⠛⠝⠀⠊⠣⠢⠈⠪⠠⠕⠛⠥[⠠⠊⠥⠉⠪⠒⠀⠨⠎⠅⠛⠪⠒⠀⠘⠍⠶⠊⠗⠐⠥⠀⠈⠣⠢⠠⠠⠣⠠⠕⠛⠥]⠲,138,91
P302+P352,피부에 묻으면:다량의 물/…(으)로 씻으시오.,⠴⠠⠏⠼⠉⠚⠃+⠴⠠⠏⠼⠉⠑⠃⠀⠐⠂⠀⠙⠕⠘⠍⠛⠝⠀⠑⠍⠔⠛⠪⠑⠱⠒⠐⠂⠊⠣⠐⠜⠶⠛⠺⠀⠑⠍⠂/…⠤⠛⠪⠤⠐⠥⠀⠠⠠⠕⠄⠛⠪⠠⠕⠛⠥⠲,67,5074
P303+P361+P353,피부(또는 머리카락)에 묻으면:오염된 모든 의류를 즉시 벗으시오.피부를 물로 씻으시오[또는 샤워하시오].,⠴⠠⠏⠼⠉⠚⠉+⠴⠠⠏⠼⠉⠋⠁+⠴⠠⠏⠼⠉⠑⠉⠀⠐⠂⠀⠙⠕⠘⠍⠤⠠⠊⠥⠉⠪⠒⠀⠑⠎⠐⠕⠋⠣⠐⠣⠁⠤⠛⠝⠀⠑⠍⠔⠛⠪⠑⠱⠒⠐⠂⠛⠥⠛⠱⠢⠊⠽⠒⠀⠑⠥⠊⠪⠒⠀⠛⠺⠐⠩⠐⠪⠂⠀⠨⠪⠁⠠⠕⠀⠘⠎⠄⠛⠪⠠⠕⠛⠥⠲⠙⠕⠘⠍⠐⠪⠂⠀⠑⠍⠂⠐⠥⠀⠠⠠⠕⠄⠛⠪⠠⠕⠛⠥[⠠⠊⠥⠉⠪⠒⠀⠠⠜⠛⠏⠚⠣⠠⠕⠛⠥]⠲,145,2259
P304+P340,흡입하면:신선한 공기가 있는 곳으로 옮기고 호흡하기 쉬운 자세로 안정을 취하시오.,⠴⠠⠏⠼⠉⠚⠙+⠴⠠⠏⠼⠉⠙⠚⠀⠐⠂⠀⠚⠪⠃⠛⠕⠃⠚⠣⠑⠱⠒⠐⠂⠠⠕⠒⠠⠎⠒⠚⠣⠒⠀⠈⠥⠶⠈⠕⠈⠣⠀⠛⠕⠌⠉⠪⠒⠀⠈⠥⠄⠛⠪⠐⠥⠀⠛⠥⠂⠢⠈⠕⠈⠥⠀⠚⠥⠚⠪⠃⠚⠣⠈⠕⠀⠠⠍⠗⠛⠍⠒⠀⠨⠣⠠⠝⠐⠥⠀⠛⠣⠒⠨⠎⠶⠛⠪⠂⠀⠰⠍⠗⠚⠣⠠⠕⠛⠥⠲,118,3977
P305+P351+P338,눈에 묻으면:몇 분간 물로 조심해서 씻으시오.가능하면 콘택트렌즈를 제거하시오.계속 씻으시오.,⠴⠠⠏⠼⠉⠚⠑+⠴⠠⠏⠼⠉⠑⠁+⠴⠠⠏⠼⠉⠉⠓⠀⠐⠂⠀⠉⠍⠒⠛⠝⠀⠑⠍⠔⠛⠪⠑⠱⠒⠐⠂⠑⠱⠆⠀⠘⠍⠒⠈⠣⠒⠀⠑⠍⠂⠐⠥⠀⠨⠥⠠⠕⠢⠚⠗⠠⠎⠀⠠⠠⠕⠄⠛⠪⠠⠕⠛⠥⠲⠈⠣⠉⠪⠶⠚⠣⠑⠱⠒⠀⠋⠥⠒⠓⠗⠁⠓⠪⠐⠝⠒⠨⠪⠐⠪⠂⠀⠨⠝⠈⠎⠚⠣⠠⠕⠛⠥⠲⠈⠌⠠⠥⠁⠀⠠⠠⠕⠄⠛⠪⠠⠕⠛⠥⠲,137,5724
P306+P360,의류에 묻으면:의류를 벗기 전에 오염된 의류 및 피부를 다량의 물로 즉시 씻어내시오.,⠴⠠⠏⠼⠉⠚⠋+⠴⠠⠏⠼⠉⠋⠚⠀⠐⠂⠀⠛⠺⠐⠩⠛⠝⠀⠑⠍⠔⠛⠪⠑⠱⠒⠐⠂⠛⠺⠐⠩⠐⠪⠂⠀⠘⠎⠄⠈⠕⠀⠨⠎⠒⠛⠝⠀⠛⠥⠛⠱⠢⠊⠽⠒⠀⠛⠺⠐⠩⠀⠑⠕⠆⠀⠙⠕⠘⠍⠐⠪⠂⠀⠊⠣⠐⠜⠶⠛⠺⠀⠑⠍⠂⠐⠥⠀⠨⠪⠁⠠⠕⠀⠠⠠⠕⠄⠛⠎⠉⠗⠠⠕⠛⠥⠲,115,28
P308+P311,노출되거나 노출이 우려되면:의료기관/의사/…의 진찰을 받으시오.,⠴⠠⠏⠼⠉⠚⠓+⠴⠠⠏⠼⠉⠁⠁⠀⠐⠂⠀⠉⠥⠰⠍⠂⠊⠽⠈⠎⠉⠣⠀⠉⠥⠰⠍⠂⠛⠕⠀⠛⠍⠐⠱⠊⠽⠑⠱⠒⠐⠂⠛⠺⠐⠬⠈⠕⠈⠧⠒/⠛⠺⠠⠣/…⠛⠺⠀⠨⠕⠒⠰⠣⠂⠛⠪⠂⠀⠘⠣⠔⠛⠪⠠⠕⠛⠥⠲,89,578
P308+P313,노출되거나 노출이 우려되면:의학적인 조치/조언을 받으시오.,⠴⠠⠏⠼⠉⠚⠓+⠴⠠⠏⠼⠉⠁⠉⠀⠐⠂⠀⠉⠥⠰⠍⠂⠊⠽⠈⠎⠉⠣⠀⠉⠥⠰⠍⠂⠛⠕⠀⠛⠍⠐⠱⠊⠽⠑⠱⠒⠐⠂⠛⠺⠚⠣⠁⠨⠎⠁⠛⠕⠒⠀⠨⠥⠰⠕/⠨⠥⠛⠎⠒⠛⠪⠂⠀⠘⠣⠔⠛⠪⠠⠕⠛⠥⠲,86,2901
P310,즉시 의료기관/의사/…의 진찰을 받으시오.,⠴⠠⠏⠼⠉⠁⠚⠀⠐⠂⠀⠨⠪⠁⠠⠕⠀⠛⠺⠐⠬⠈⠕⠈⠧⠒/⠛⠺⠠⠣/…⠛⠺⠀⠨⠕⠒⠰⠣⠂⠛⠪⠂⠀⠘⠣⠔⠛⠪⠠⠕⠛⠥⠲,56,1848
P311,의료기관/의사/…의 진찰을 받으시오.,⠴⠠⠏⠼⠉⠁⠁⠀⠐⠂⠀⠛⠺⠐⠬⠈⠕⠈⠧⠒/⠛⠺⠠⠣/…⠛⠺⠀⠨⠕⠒⠰⠣⠂⠛⠪⠂⠀⠘⠣⠔⠛⠪⠠⠕⠛⠥⠲,50,708
P312,불편함을 느끼면 의료기관/의사/…의 진찰을 받으시오.,⠴⠠⠏⠼⠉⠁⠃⠀⠐⠂⠀⠘⠍⠂⠙⠱⠒⠚⠣⠢⠛⠪⠂⠀⠉⠪⠠⠈⠕⠑⠱⠒⠀⠛⠺⠐⠬⠈⠕⠈⠧⠒/⠛⠺⠠⠣/…⠛⠺⠀⠨⠕⠒⠰⠣⠂⠛⠪⠂⠀⠘⠣⠔⠛⠪⠠⠕⠛⠥⠲,72,2842
P314,불편함을 느끼면 의학적인 조치/조언을 받으시오.,⠴⠠⠏⠼⠉⠁⠙⠀⠐⠂⠀⠘⠍⠂⠙⠱⠒⠚⠣⠢⠛⠪⠂⠀⠉⠪⠠⠈⠕⠑⠱⠒⠀⠛⠺⠚⠣⠁⠨⠎⠁⠛⠕⠒⠀⠨⠥⠰⠕/⠨⠥⠛⠎⠒⠛⠪⠂⠀⠘⠣⠔⠛⠪⠠⠕⠛⠥⠲,69,1703
P320,긴급히…처치를 하시오.,⠴⠠⠏⠼⠉⠃⠚⠀⠐⠂⠀⠈⠕⠒⠈⠪⠃⠚⠕…⠰⠎⠰⠕⠐⠪⠂⠀⠚⠣⠠⠕⠛⠥⠲,35,623
P321,…처치를 하시오.,⠴⠠⠏⠼⠉⠃⠁⠀⠐⠂⠀…⠰⠎⠰⠕⠐⠪⠂⠀⠚⠣⠠⠕⠛⠥⠲,27,6547
P330,입을 씻어내시오.,⠴⠠⠏⠼⠉⠉⠚⠀⠐⠂⠀⠛⠕⠃⠛⠪⠂⠀⠠⠠⠕⠄⠛⠎⠉⠗⠠⠕⠛⠥⠲,31,3852
P331,토하게 하지 마시오.,⠴⠠⠏⠼⠉⠉⠁⠀⠐⠂⠀⠓⠥⠚⠣⠈⠝⠀⠚⠣⠨⠕⠀⠑⠣⠠⠕⠛⠥⠲,30,266
P332+P313,피부 자극이 나타나면:의학적인 조치/조언을 받으시오.,⠴⠠⠏⠼⠉⠉⠃+⠴⠠⠏⠼⠉⠁⠉⠀⠐⠂⠀⠙⠕⠘⠍⠀⠨⠣⠈⠪⠁⠛⠕⠀⠉⠣⠓⠣⠉⠣⠑⠱⠒⠐⠂⠛⠺⠚⠣⠁⠨⠎⠁⠛⠕⠒⠀⠨⠥⠰⠕/⠨⠥⠛⠎⠒⠛⠪⠂⠀⠘⠣⠔⠛⠪⠠⠕⠛⠥⠲,79,3327
P333+P313,피부 자극 또는 홍반이 나타나면:의학적인 조치/조언을 받으시오.,⠴⠠⠏⠼⠉⠉⠉+⠴⠠⠏⠼⠉⠁⠉⠀⠐⠂⠀⠙⠕⠘⠍⠀⠨⠣⠈⠪⠁⠀⠠⠊⠥⠉⠪⠒⠀⠚⠥⠶⠘⠣⠒⠛⠕⠀⠉⠣⠓⠣⠉⠣⠑⠱⠒⠐⠂⠛⠺⠚⠣⠁⠨⠎⠁⠛⠕⠒⠀⠨⠥⠰⠕/⠨⠥⠛⠎⠒⠛⠪⠂⠀⠘⠣⠔⠛⠪⠠⠕⠛⠥⠲,93,1364
P337+P313,눈에 자극이 지속되면:의학적인 조치/조언을 받으시오.,⠴⠠⠏⠼⠉⠉⠛+⠴⠠⠏⠼⠉⠁⠉⠀⠐⠂⠀⠉⠍⠒⠛⠝⠀⠨⠣⠈⠪⠁⠛⠕⠀⠨⠕⠠⠥⠁⠊⠽⠑⠱⠒⠐⠂⠛⠺⠚⠣⠁⠨⠎⠁⠛⠕⠒⠀⠨⠥⠰⠕/⠨⠥⠛⠎⠒⠛⠪⠂⠀⠘⠣⠔⠛⠪⠠⠕⠛⠥⠲,81,4485
P342+P311,호흡기 증상이 나타나면:의료기관/의사/…의 진찰을 받으시오.,⠴⠠⠏⠼⠉⠙⠃+⠴⠠⠏⠼⠉⠁⠁⠀⠐⠂⠀⠚⠥⠚⠪⠃⠈⠕⠀⠨⠪⠶⠠⠣⠶⠛⠕⠀⠉⠣⠓⠣⠉⠣⠑⠱⠒⠐⠂⠛⠺⠐⠬⠈⠕⠈⠧⠒/⠛⠺⠠⠣/…⠛⠺⠀⠨⠕⠒⠰⠣⠂⠛⠪⠂⠀⠘⠣⠔⠛⠪⠠⠕⠛⠥⠲,86,233
P361+P364,오염된 모든 의류를 즉시 벗고 다시 사용 전 세척하시오.,⠴⠠⠏⠼⠉⠋⠁+⠴⠠⠏⠼⠉⠋⠙⠀⠐⠂⠀⠛⠥⠛⠱⠢⠊⠽⠒⠀⠑⠥⠊⠪⠒⠀⠛⠺⠐⠩⠐⠪⠂⠀⠨⠪⠁⠠⠕⠀⠘⠎⠄⠈⠥⠀⠊⠣⠠⠕⠀⠠⠣⠛⠬⠶⠀⠨⠎⠒⠀⠠⠝⠰⠎⠁⠚⠣⠠⠕⠛⠥⠲,81,824
P362+P364,오염된 의류를 벗고 다시 사용 전 세척하시오.,⠴⠠⠏⠼⠉⠋⠃+⠴⠠⠏⠼⠉⠋⠙⠀⠐⠂⠀⠛⠥⠛⠱⠢⠊⠽⠒⠀⠛⠺⠐⠩⠐⠪⠂⠀⠘⠎⠄⠈⠥⠀⠊⠣⠠⠕⠀⠠⠣⠛⠬⠶⠀⠨⠎⠒⠀⠠⠝⠰⠎⠁⠚⠣⠠⠕⠛⠥⠲,69,4535
P363,다시 사용 전 오염된 의류를 세척하시오.,⠴⠠⠏⠼⠉⠋⠉⠀⠐⠂⠀⠊⠣⠠⠕⠀⠠⠣⠛⠬⠶⠀⠨⠎⠒⠀⠛⠥⠛⠱⠢⠊⠽⠒⠀⠛⠺⠐⠩⠐⠪⠂⠀⠠⠝⠰⠎⠁⠚⠣⠠⠕⠛⠥⠲,55,888
P370+P372+P380+P373,화재 시:폭발 위험성이 있음.주변 지역의 사람을 대피시키시오.화염이 폭발성 물질에 도달하면 불을 끄려하지 마시오.,⠴⠠⠏⠼⠉⠛⠚+⠴⠠⠏⠼⠉⠛⠃+⠴⠠⠏⠼⠉⠓⠚+⠴⠠⠏⠼⠉⠛⠉⠀⠐⠂⠀⠚⠧⠨⠗⠀⠠⠕⠐⠂⠙⠥⠁⠘⠣⠂⠀⠛⠍⠗⠚⠎⠢⠠⠎⠶⠛⠕⠀⠛⠕⠌⠛⠪⠢⠲⠨⠍⠘⠱⠒⠀⠨⠕⠛⠱⠁⠛⠺⠀⠠⠣⠐⠣⠢⠛⠪⠂⠀⠊⠗⠙⠕⠠⠕⠋⠕⠠⠕⠛⠥⠲⠚⠧⠛⠱⠢⠛⠕⠀⠙⠥⠁⠘⠣⠂⠠⠎⠶⠀⠑⠍⠂⠨⠕⠂⠛⠝⠀⠊⠥⠊⠣⠂⠚⠣⠑⠱⠒⠀⠘⠍⠂⠛⠪⠂⠀⠠⠈⠪⠐⠱⠚⠣⠨⠕⠀⠑⠣⠠⠕⠛⠥⠲,168,94
P370+P376,화재 시:안전하게 처리하는 것이 가능하면 누출을 막으시오.,⠴⠠⠏⠼⠉⠛⠚+⠴⠠⠏⠼⠉⠛⠋⠀⠐⠂⠀⠚⠧⠨⠗⠀⠠⠕⠐⠂⠛⠣⠒⠨⠎⠒⠚⠣⠈⠝⠀⠰⠎⠐⠕⠚⠣⠉⠪⠒⠀⠈⠎⠄⠛⠕⠀⠈⠣⠉⠪⠶⠚⠣⠑⠱⠒⠀⠉⠍⠰⠍⠂⠛⠪⠂⠀⠑⠣⠁⠛⠪⠠⠕⠛⠥⠲,85,15
P370+P378,화재 시:불을 끄기 위해…을(를)사용하시오.,⠴⠠⠏⠼⠉⠛⠚+⠴⠠⠏⠼⠉⠛⠓⠀⠐⠂⠀⠚⠧⠨⠗⠀⠠⠕⠐⠂⠘⠍⠂⠛⠪⠂⠀⠠⠈⠪⠈⠕⠀⠛⠍⠗⠚⠗…⠛⠪⠂⠤⠐⠪⠂⠤⠠⠣⠛⠬⠶⠚⠣⠠⠕⠛⠥⠲,67,2115
P370+P380+P375,화재 시:주변 지역의 사람을 대피시키시오.폭발의 위험이 있으므로 거리를 유지하면서 불을 끄시오.,⠴⠠⠏⠼⠉⠛⠚+⠴⠠⠏⠼⠉⠓⠚+⠴⠠⠏⠼⠉⠛⠑⠀⠐⠂⠀⠚⠧⠨⠗⠀⠠⠕⠐⠂⠨⠍⠘⠱⠒⠀⠨⠕⠛⠱⠁⠛⠺⠀⠠⠣⠐⠣⠢⠛⠪⠂⠀⠊⠗⠙⠕⠠⠕⠋⠕⠠⠕⠛⠥⠲⠙⠥⠁⠘⠣⠂⠛⠺⠀⠛⠍⠗⠚⠎⠢⠛⠕⠀⠛⠕⠌⠛⠪⠑⠪⠐⠥⠀⠈⠎⠐⠕⠐⠪⠂⠀⠛⠩⠨⠕⠚⠣⠑⠱⠒⠠⠎⠀⠘⠍⠂⠛⠪⠂⠀⠠⠈⠪⠠⠕⠛⠥⠲,135,2
P370+P380+P375+P378,화재 시:주변 지역의 사람을 대피시키시오.폭발의 위험이 있으므로 거리를 유지하면서 불을 끄시오. [불을 끄기 위해…을(를)사용하시오.],⠴⠠⠏⠼⠉⠛⠚+⠴⠠⠏⠼⠉⠓⠚+⠴⠠⠏⠼⠉⠛⠑+⠴⠠⠏⠼⠉⠛⠓⠀⠐⠂⠀⠚⠧⠨⠗⠀⠠⠕⠐⠂⠨⠍⠘⠱⠒⠀⠨⠕⠛⠱⠁⠛⠺⠀⠠⠣⠐⠣⠢⠛⠪⠂⠀⠊⠗⠙⠕⠠⠕⠋⠕⠠⠕⠛⠥⠲⠙⠥⠁⠘⠣⠂⠛⠺⠀⠛⠍⠗⠚⠎⠢⠛⠕⠀⠛⠕⠌⠛⠪⠑⠪⠐⠥⠀⠈⠎⠐⠕⠐⠪⠂⠀⠛⠩⠨⠕⠚⠣⠑⠱⠒⠠⠎⠀⠘⠍⠂⠛⠪⠂⠀⠠⠈⠪⠠⠕⠛⠥⠲⠀[⠘⠍⠂⠛⠪⠂⠀⠠⠈⠪⠈⠕⠀⠛⠍⠗⠚⠗…⠛⠪⠂⠤⠐⠪⠂⠤⠠⠣⠛⠬⠶⠚⠣⠠⠕⠛⠥⠲],185,37
P371+P380+P375,대형 화재 시:주변 지역의 사람을 대피시키시오.폭발의 위험이 있으므로 거리를 유지하면서 불을 끄시오.,⠴⠠⠏⠼⠉⠛⠁+⠴⠠⠏⠼⠉⠓⠚+⠴⠠⠏⠼⠉⠛⠑⠀⠐⠂⠀⠊⠗⠚⠱⠶⠀⠚⠧⠨⠗⠀⠠⠕⠐⠂⠨⠍⠘⠱⠒⠀⠨⠕⠛⠱⠁⠛⠺⠀⠠⠣⠐⠣⠢⠛⠪⠂⠀⠊⠗⠙⠕⠠⠕⠋⠕⠠⠕⠛⠥⠲⠙⠥⠁⠘⠣⠂⠛⠺⠀⠛⠍⠗⠚⠎⠢⠛⠕⠀⠛⠕⠌⠛⠪⠑⠪⠐⠥⠀⠈⠎⠐⠕⠐⠪⠂⠀⠛⠩⠨⠕⠚⠣⠑⠱⠒⠠⠎⠀⠘⠍⠂⠛⠪⠂⠀⠠⠈⠪⠠⠕⠛⠥⠲,141,28
P377,"가스 누출 화재;누출을 안전하게 막을 수 없다면,불을 끄려하지 마시오.",⠴⠠⠏⠼⠉⠛⠛⠀⠐⠂⠀⠈⠣⠠⠪⠀⠉⠍⠰⠍⠂⠀⠚⠧⠨⠗⠰⠉⠍⠰⠍⠂⠛⠪⠂⠀⠛⠣⠒⠨⠎⠒⠚⠣⠈⠝⠀⠑⠣⠁⠛⠪⠂⠀⠠⠍⠀⠛⠎⠃⠄⠊⠣⠑⠱⠒⠐⠘⠍⠂⠛⠪⠂⠀⠠⠈⠪⠐⠱⠚⠣⠨⠕⠀⠑⠣⠠⠕⠛⠥⠲,91,217
P381,누출 시 모든 점화원을 제거하시오.,⠴⠠⠏⠼⠉⠓⠁⠀⠐⠂⠀⠉⠍⠰⠍⠂⠀⠠⠕⠀⠑⠥⠊⠪⠒⠀⠨⠎⠢⠚⠧⠛⠏⠒⠛⠪⠂⠀⠨⠝⠈⠎⠚⠣⠠⠕⠛⠥⠲,49,217
P390,물질손상을 방지하기 위해 누출물을 흡수시키시오.,⠴⠠⠏⠼⠉⠊⠚⠀⠐⠂⠀⠑⠍⠂⠨⠕⠂⠠⠥⠒⠠⠣⠶⠛⠪⠂⠀⠘⠣⠶⠨⠕⠚⠣⠈⠕⠀⠛⠍⠗⠚⠗⠀⠉⠍⠰⠍⠂⠑⠍⠂⠛⠪⠂⠀⠚⠪⠃⠠⠍⠠⠕⠋⠕⠠⠕⠛⠥⠲,69,300
P391,누출물을 모으시오.,⠴⠠⠏⠼⠉⠊⠁⠀⠐⠂⠀⠉⠍⠰⠍⠂⠑⠍⠂⠛⠪⠂⠀⠑⠥⠛⠪⠠⠕⠛⠥⠲,32,5088
P401,관련 법규에 명시된 내용에 따라 보관하시오.,⠴⠠⠏⠼⠙⠚⠁⠀⠐⠂⠀⠈⠧⠒⠐⠱⠒⠀⠘⠎⠃⠈⠩⠛⠝⠀⠑⠱⠶⠠⠕⠊⠽⠒⠀⠉⠗⠛⠬⠶⠛⠝⠀⠠⠊⠣⠐⠣⠀⠘⠥⠈⠧⠒⠚⠣⠠⠕⠛⠥⠲,61,72
P402+P404,건조한 장소에 보관하시오.밀폐된 용기에 보관하시오.,⠴⠠⠏⠼⠙⠚⠃+⠴⠠⠏⠼⠙⠚⠙⠀⠐⠂⠀⠈⠎⠒⠨⠥⠚⠣⠒⠀⠨⠣⠶⠠⠥⠛⠝⠀⠘⠥⠈⠧⠒⠚⠣⠠⠕⠛⠥⠲⠑⠕⠂⠙⠌⠊⠽⠒⠀⠛⠬⠶⠈⠕⠛⠝⠀⠘⠥⠈⠧⠒⠚⠣⠠⠕⠛⠥⠲,77,89
P403,환기가 잘 되는 곳에 보관하시오.,⠴⠠⠏⠼⠙⠚⠉⠀⠐⠂⠀⠚⠧⠒⠈⠕⠈⠣⠀⠨⠣⠂⠀⠊⠽⠉⠪⠒⠀⠈⠥⠄⠛⠝⠀⠘⠥⠈⠧⠒⠚⠣⠠⠕⠛⠥⠲,47,510
P403+P233,환기가 잘 되는 곳에 보관하시오.용기를 단단히 밀폐하시오.,⠴⠠⠏⠼⠙⠚⠉+⠴⠠⠏⠼⠃⠉⠉⠀⠐⠂⠀⠚⠧⠒⠈⠕⠈⠣⠀⠨⠣⠂⠀⠊⠽⠉⠪⠒⠀⠈⠥⠄⠛⠝⠀⠘⠥⠈⠧⠒⠚⠣⠠⠕⠛⠥⠲⠛⠬⠶⠈⠕⠐⠪⠂⠀⠊⠣⠒⠊⠣⠒⠚⠕⠀⠑⠕⠂⠙⠌⠚⠣⠠⠕⠛⠥⠲,85,2874
P403+P235,환기가 잘 되는 곳에 보관하시오.저온으로 유지하시오.,⠴⠠⠏⠼⠙⠚⠉+⠴⠠⠏⠼⠃⠉⠑⠀⠐⠂⠀⠚⠧⠒⠈⠕⠈⠣⠀⠨⠣⠂⠀⠊⠽⠉⠪⠒⠀⠈⠥⠄⠛⠝⠀⠘⠥⠈⠧⠒⠚⠣⠠⠕⠛⠥⠲⠨⠎⠛⠥⠒⠛⠪⠐⠥⠀⠛⠩⠨⠕⠚⠣⠠⠕⠛⠥⠲,76,1522
P405,잠금장치를 하여 저장하시오.,⠴⠠⠏⠼⠙⠚⠑⠀⠐⠂⠀⠨⠣⠢⠈⠪⠢⠨⠣⠶⠰⠕⠐⠪⠂⠀⠚⠣⠛⠱⠀⠨⠎⠨⠣⠶⠚⠣⠠⠕⠛⠥⠲,43,6325
P406,금속부식성 물질이므로 제조자 또는 행정관청에서 정한 내부식성 용기 등에 보관하시오.,⠴⠠⠏⠼⠙⠚⠋⠀⠐⠂⠀⠈⠪⠢⠠⠥⠁⠘⠍⠠⠕⠁⠠⠎⠶⠀⠑⠍⠂⠨⠕⠂⠛⠕⠑⠪⠐⠥⠀⠨⠝⠨⠥⠨⠣⠀⠠⠊⠥⠉⠪⠒⠀⠚⠗⠶⠨⠎⠶⠈⠧⠒⠰⠎⠶⠛⠝⠠⠎⠀⠨⠎⠶⠚⠣⠒⠀⠉⠗⠘⠍⠠⠕⠁⠠⠎⠶⠀⠛⠬⠶⠈⠕⠀⠊⠪⠶⠛⠝⠀⠘⠥⠈⠧⠒⠚⠣⠠⠕⠛⠥⠲,112,300
P407,적재물 또는 팔레트 사이의 간격을 유지하시오.,⠴⠠⠏⠼⠙⠚⠛⠀⠐⠂⠀⠨⠎⠁⠨⠗⠑⠍⠂⠀⠠⠊⠥⠉⠪⠒⠀⠙⠣⠂⠐⠝⠓⠪⠀⠠⠣⠛⠕⠛⠺⠀⠈⠣⠒⠈⠱⠁⠛⠪⠂⠀⠛⠩⠨⠕⠚⠣⠠⠕⠛⠥⠲,63,33
P410,직사광선을 피하시오.,⠴⠠⠏⠼⠙⠁⠚⠀⠐⠂⠀⠨⠕⠁⠠⠣⠈⠧⠶⠠⠎⠒⠛⠪⠂⠀⠙⠕⠚⠣⠠⠕⠛⠥⠲,35,97
P410+P403,직사광선을 피하시오.환기가 잘 되는 곳에 보관하시오.,⠴⠠⠏⠼⠙⠁⠚+⠴⠠⠏⠼⠙⠚⠉⠀⠐⠂⠀⠨⠕⠁⠠⠣⠈⠧⠶⠠⠎⠒⠛⠪⠂⠀⠙⠕⠚⠣⠠⠕⠛⠥⠲⠚⠧⠒⠈⠕⠈⠣⠀⠨⠣⠂⠀⠊⠽⠉⠪⠒⠀⠈⠥⠄⠛⠝⠀⠘⠥⠈⠧⠒⠚⠣⠠⠕⠛⠥⠲,79,217
P410+P412,직사광선을 피하시오. 50℃이상의 온도에 노출시키지 마시오.,⠴⠠⠏⠼⠙⠁⠚+⠴⠠⠏⠼⠙⠁⠃⠀⠐⠂⠀⠨⠕⠁⠠⠣⠈⠧⠶⠠⠎⠒⠛⠪⠂⠀⠙⠕⠚⠣⠠⠕⠛⠥⠲⠀⠼⠑⠚℃⠛⠕⠠⠣⠶⠛⠺⠀⠛⠥⠒⠊⠥⠛⠝⠀⠉⠥⠰⠍⠂⠠⠕⠋⠕⠨⠕⠀⠑⠣⠠⠕⠛⠥⠲,83,2
P411,반응성이 높은 물질이므로 보관 시…℃를 넘지 않도록 유의하시오.,⠴⠠⠏⠼⠙⠁⠁⠀⠐⠂⠀⠘⠣⠒⠛⠪⠶⠠⠎⠶⠛⠕⠀⠉⠥⠲⠛⠪⠒⠀⠑⠍⠂⠨⠕⠂⠛⠕⠑⠪⠐⠥⠀⠘⠥⠈⠧⠒⠀⠠⠕…℃⠐⠪⠂⠀⠉⠎⠢⠨⠕⠀⠛⠣⠒⠴⠊⠥⠐⠥⠁⠀⠛⠩⠛⠺⠚⠣⠠⠕⠛⠥⠲,84,65
P413,반응성이 높은 물질이므로…㎏이상으로 보관 시…℃를 넘지 않도록 하시오.,⠴⠠⠏⠼⠙⠁⠉⠀⠐⠂⠀⠘⠣⠒⠛⠪⠶⠠⠎⠶⠛⠕⠀⠉⠥⠲⠛⠪⠒⠀⠑⠍⠂⠨⠕⠂⠛⠕⠑⠪⠐⠥…㎏⠛⠕⠠⠣⠶⠛⠪⠐⠥⠀⠘⠥⠈⠧⠒⠀⠠⠕…℃⠐⠪⠂⠀⠉⠎⠢⠨⠕⠀⠛⠣⠒⠴⠊⠥⠐⠥⠁⠀⠚⠣⠠⠕⠛⠥⠲,91,33
P420,격리하여 보관하시오.,⠴⠠⠏⠼⠙⠃⠚⠀⠐⠂⠀⠈⠱⠁⠐⠕⠚⠣⠛⠱⠀⠘⠥⠈⠧⠒⠚⠣⠠⠕⠛⠥⠲,33,115
P501,폐기물 관련 법령에 따라 내용물/용기를 폐기하시오,⠴⠠⠏⠼⠑⠚⠁⠀⠐⠂⠀⠙⠌⠈⠕⠑⠍⠂⠀⠈⠧⠒⠐⠱⠒⠀⠘⠎⠃⠐⠱⠶⠛⠝⠀⠠⠊⠣⠐⠣⠀⠉⠗⠛⠬⠶⠑⠍⠂/⠛⠬⠶⠈⠕⠐⠪⠂⠀⠙⠌⠈⠕⠚⠣⠠⠕⠛⠥,69,11838
P502,제조자 또는 공급자가 제공한 재생 또는 재활용에 대한 정보를 참조하시오,⠴⠠⠏⠼⠑⠚⠃⠀⠐⠂⠀⠨⠝⠨⠥⠨⠣⠀⠠⠊⠥⠉⠪⠒⠀⠈⠥⠶⠈⠪⠃⠨⠣⠈⠣⠀⠨⠝⠈⠥⠶⠚⠣⠒⠀⠨⠗⠠⠗⠶⠀⠠⠊⠥⠉⠪⠒⠀⠨⠗⠚⠧⠂⠛⠬⠶⠛⠝⠀⠊⠗⠚⠣⠒⠀⠨⠎⠶⠘⠥⠐⠪⠂⠀⠰⠣⠢⠨⠥⠚⠣⠠⠕⠛⠥,95,35
